{
  "tamanos": [
    50,
    100,
    200,
    300,
    400,
    500
  ],
  "tiempos": [
    0.0002950429916381836,
    0.0006487369537353516,
    0.002016305923461914,
    0.0052433013916015625,
    0.010673284530639648,
    0.012132763862609863
  ],
  "semestres_generados": [
    13.0,
    28.0,
    61.0,
    92.0,
    108.0,
    153.0
  ],
  "cursos_por_semestre": [
    3.8461538461538463,
    3.5714285714285716,
    3.278688524590164,
    3.260869565217391,
    3.7037037037037037,
    3.2679738562091503
  ]
}